nutrient_key,nutrient_label,unit,Ground beef (30% fat),Ground beef (20% fat),Ground beef (15% fat),Ground beef (10% fat),Ground beef (7% fat),Ground beef (4% fat),Ground bison,Ground lamb,Ground goat,Ground pork,Ground chicken,Ground turkey,Ground duck,Ribeye,Strip steak,Tenderloin,Sirloin,Flank,Skirt,Hanger,Chuck,Brisket,Short ribs,Back ribs,Round,Shank,Oxtail,Plate,Stew meat,Leg (lamb/goat),Shoulder (lamb/goat),Rack (lamb/goat),Chop (lamb/goat),Shank (lamb/goat),Pork loin,Pork tenderloin,Pork shoulder,Pork chop,Pork belly,Pork ribs,Fresh ham,Pork shank,Pork jowl,Whole chicken,Chicken breast,Chicken thigh,Chicken drumstick,Chicken wing,Whole turkey,Turkey breast,Turkey thigh,Whole duck,Duck breast,Duck leg,Atlantic salmon,Sockeye salmon,Coho salmon,Chinook salmon,Sardine,Tuna (skipjack),Tuna (albacore),Tuna (yellowfin),Cod,Haddock,Pollock,Halibut,Mackerel,Herring,Trout,Tilapia,Catfish,Anchovy,Shrimp,Prawn,Scallop,Mussel,Clam,Oyster,Crab,Lobster,Squid,Octopus,Beef liver,Beef heart,Beef kidney,Beef tongue,Beef brain,Beef spleen,Beef pancreas,Beef thymus (sweetbreads),Beef tripe,Lamb liver,Lamb heart,Lamb kidney,Pork liver,Pork heart,Pork kidney,Pork brain,Pork stomach,Chicken liver,Chicken heart,Chicken gizzard,Chicken egg,Egg white,Egg yolk,Scrambled egg (chicken),Fried egg (chicken),Duck egg,Turkey egg,Quail egg,Cow's milk,Cow's milk (2%),Cow's milk (1%),Cow's milk (skim),Goat milk,Sheep milk,Half and half,Light cream,Heavy cream,Butter,Ghee,Yogurt (plain),"Yogurt (plain, lowfat)","Yogurt (plain, nonfat)",Kefir (plain),Cottage cheese,Cheddar,Gouda,Gruyere,Parmesan,Mozzarella,Feta,Swiss,Beef tallow,Lamb tallow,Pork lard,Duck fat,Chicken fat,American cheese,Processed cheese slices,Cream cheese,Sour cream,Broccoli,Cauliflower,Cabbage,Brussels sprouts,Kale,Bok choy,Arugula,Radish,Turnip,Rutabaga,Mustard greens,Carrot,Celery,Parsnip,Fennel,Parsley,Dill,Cilantro,Garlic,Onion,Shallot,Leek,Scallion,Chive,Potato,Tomato,Bell pepper,Chili pepper,Eggplant,Zucchini,Cucumber,Pumpkin,Butternut squash,Acorn squash,Spaghetti squash,Watermelon,Spinach,Beet,Swiss chard,Quinoa,Amaranth,Lettuce,Endive,Radicchio,Artichoke,Lentil,Chickpea,Black bean,Kidney bean,Pinto bean,Soybean,Pea,Green bean,White rice,Brown rice,Wild rice,Oats,Wheat,Barley,Rye,Corn,Millet,Sweet potato,Yam,Cassava,Taro,Ginger,Turmeric,Apple,Banana,Orange,Tangerine,Lemon,Lime,Strawberry,Blueberry,Raspberry,Kiwi,Avocado,Olive,Mango,Pineapple,Papaya,Grapes,Pear,Peach,Apricot,Almond,Walnut,Pecan,Macadamia,Hazelnut,Pistachio,Brazil nut,Cashew,Pumpkin seed,Sunflower seed,Sesame,Chia,Flax,Hemp,Pine nut,Olive oil,Avocado oil,Coconut oil,Sesame oil,Palm oil,Bread,Whole wheat bread,Sourdough bread,Pita,Naan,Noodles,Soba noodles,Pasta,Sourdough pasta,Canola oil,Soybean oil,Sunflower oil,Safflower oil,Corn oil,Grapeseed oil,Peanut oil,Rice bran oil,Vegetable oil,White bread,Rye bread,Bagel,Tortilla (flour),Tortilla (corn),Hamburger bun,Hot dog bun,Sandwich roll,Bread crumbs,Panko,Crackers (plain),Rice cakes,Rice noodles,Udon noodles,Ramen noodles,Egg noodles,Whole wheat pasta,Couscous,Bulgur,Peanut butter,Almond butter,Tahini,Sunflower seed butter,Jam,Honey,Maple syrup,Tomato sauce,Tomato paste,Canned tomatoes,Coconut milk,Broth,Ketchup,Mustard,Mayonnaise,Soy sauce,Vinegar,Apple cider vinegar,Hot sauce,Pickles,White mushroom,Cremini,Portobello,Shiitake,Oyster mushroom,Maitake,Lion's mane,Nori,Kelp,Wakame,Dulse,Spirulina,Chlorella,Sauerkraut,Kimchi,Tempeh,Miso,Natto
vitamin_a_ug,Vitamin A,ug,4,4,4,4,4,4,0,0,0,0,0,20,50,2,4,0,0,0,2,2,2,2,2,2,0,0,0,2,2,0,0,10,0,0,2,0,0,0,3,0,2,3,3,41,24,23,14,18,3939,0,13,50,24,24,58,49,40,26,32,16,655,18,12,17,14,14,39,28,84,0,0,15,54,54,1,48,90,13,1,1,10,45,4968,0,419,0,6,0,0,19,0,7391,5,61,6502,8,78,0,0,3296,9,0,55,0,381,161,219,194,166,156,46,55,58,61,57,44,12,120,411,684,684,14,90,0,171,68,263,165,271,207,179,125,306,0,0,0,0,0,317,250,308,124,31,0,5,38,241,223,119,0,579,0,151,3423,22,0,48,421,6,337,0,0,0,83,50,218,0,42,18,48,1,10,4,426,532,18,6,28,469,316,306,1,0,375,108,1,1,2,2,0,0,0,1,38,35,0,0,1,772,0,1,1,0,0,709,7,1,4,0,0,3,3,11,34,1,2,1,3,2,4,7,17,54,3,47,5,1,16,96,0,1,3,0,1,26,0,0,1,3,3,2,0,1,1,0,0,0,0,9,24,0,0,0,2.758,0,0,0,0,0,0,0,0,0,0,0,0,0,0,0,0,0,0,29,29,29,10,0,0,0,0,0,1,17,0,0,0,0,0,3,0,10,0,0,22,76,11,0,0,26,151,2,0,0,0,8,10,0,0,0,0,2,0,0,3428.7,6,18,214.2,3,17499.3,1,5,0,4,0
vitamin_c_mg,Vitamin C,mg,0,0,0,0,0,0,0,0,0,0,0,0,2.8,0,0,0,0,0,0,0,0,0,0,0,0,0,0.1,0,0,0,0,0,0,0,0.6,0,0,0,0.3,0,0.9,0,0,1.6,0,0,0,1.2,0,0,0,2.8,5.8,5.8,3.9,0,1,0,0,1,0,0,1,0,0,0,1.6,0.7,2.9,0,0,0,0,0,0,8,0,0,3.3,0,4.7,5,1.3,0,9.4,1.3,10.5,45.5,13.7,0,0,4,0,0,25.3,5.3,10.6,13.5,0,17.9,3.2,0,11.2,0,0,0,0,0,0,0,0,0.2,0,0,1.3,4.2,0.7,0.8,0.6,0,0,0.8,0.8,0.3,0.2,0,0,0,0,0,0,0,30,0,0,0,0,0,0,0,0,0.9,89.2,48.2,36.6,85,93.4,45,15,22,60,25,70,14.6,3.1,17,12,133,2.3,27,31.2,7.4,8,12,18.8,58.1,19.7,13.7,80.4,143.7,2.2,17.9,3.2,9,21,11,2.1,8.1,28.1,30,30,0,4.2,3.7,6.5,8,11.7,4.5,0,0,4.5,6.3,6,40,12.2,0,0,0,0,0,0,0,6.8,0,2.4,17.1,20.6,4.5,5,0.7,4.6,8.7,53.2,26.7,53,29.1,58.8,9.7,26.2,92.7,10,0.9,36.4,47.8,60.9,4,4.3,6.6,10,0,1.3,1.1,1.2,6.3,5.6,0.7,0.5,1.9,1.4,0,1.6,0.6,0.5,0.8,0,0,0,0,0,0,0,0,0,0.005,0,0,0,0,0,0,0,0,0,0,0,0,0,0,0.4,0,0,0,1.3,1.3,1.3,2.7,0,0,0,0,0,0.3,0,0,0,0,0,0,0,2.7,8.8,0.5,0,7,21.9,9.2,2.8,0,4.1,70,0,0,0,0,74.8,1,2.1,0,0,0,0,0,0,17.1,3,3,8.6,0.9,20,14.7,0,0,0,13
vitamin_d_ug,Vitamin D,ug,0.1,0.1,0.1,0.1,0.1,0.1,0,0.1,0,0.1,0,0.4,0.7,0.1,0.1,0.3,0,0.1,0.1,0.1,0.1,0.1,0.1,0.2,0.1,0,0,0.1,0.1,0.1,0.1,0,0.05,0.1,0.5,0.2,0.6,0.4,0.3,0.5,0.6,0.3,0,0.2,0.4,0.1,0.1,0.1,0.8,0.2,0.3,0.7,0.1,0.1,11,14.1,9,17.1,4.8,0,5.7,1.7,0.9,0.5,1,27.4,7.3,4.2,15.9,3.1,0.2,0.63,0.1,0.1,0,0,0,0,0,0,0,0,1.2,0.1,1.125,0.4,0,0,0,0.6,0,0,0,0.1,0,0,0,0,0,0,0,0,0,0,5.4,1.8,2.2,1.7,0,1.4,1.3,1.2,1.2,1.2,1.3,0,0,1.1,1.6,0,1.5,0,0,1,1,0,1,0.5,0.6,0.5,0.4,0.4,0,0.7,0.7,2.5,4.8,4.8,7.5,0.6,0,0,0,0,0,0,0,0,0,0,0,0,0,0,0,0,0,0,0,0,0,0,0,0,0,0,0,0,0,0,0,0,0,0,0,0,0,0,0,0,0,0,0,0,0,0,0,0,0,0,0,0,0,0,0,0,0,0,0,0,0,0,0,0,0,0,0,0,0,0,0,0,0,0,0,0,0,0,0,0,0,0,0,0,0,0,0,0,0,0,0,0,0,0,0,0,0,0,0,0,0,0,0,0,0,0,0,0,0,0.1,0,0,0,0,0,0,0,0,0,0,0,0,0,0,0,0,0,0,0,0,0,0,0,0,0,0,0,0,0,0,0,0,0.3,0,0,0,0,0,0,0,0,0,0,0,0,0,0,0,0,0,0,0,0,0,0,0,0.2,0.1,0.3,0.5,0.7,28.1,0.0212,0,0,0,0,0,0,0,0,0,0,0
vitamin_e_mg,Vitamin E,mg,0.17,0.17,0.17,0.17,0.17,0.17,0.19,0.2,0,0.29,0.27,0.09,0.7,0.18,0.22,0.47,0.28,0.31,0.17,0.14,0.15,0.17,0.17,0.1,0.3,0,0.13,0.17,0.15,0.15,0.22,0.45,0.13,0.18,0.18,0.22,0.24,0.13,0.39,0.25,0.17,0.29,0.29,0.3,0.27,0.21,0.19,0.13,0.25,0.13,0.12,0.7,0.7,0.7,3.55,0.83,0.73,1.35,2.04,0,1,0.24,0.64,0.45,0.23,0.73,0.69,1.07,2.34,0.4,0.81,0.57,1.32,1.32,0,0.55,0.68,0.85,1.84,0.87,1.2,1.2,0.38,0.29,0.22,0.3,1.67,0,0,0.69,0.09,0.77,0.65,0.42,0.33,0.63,0.36,0,0.04,0.7,0.08,0.2,0.37,0,2.58,1.15,1.31,1.34,0,1.08,0.07,0.03,0.01,0.01,0.07,0,0.04,0.12,0.92,2.32,2.32,0.03,0.04,0.02,0.02,0.08,0.78,0.24,0.28,0.22,0.19,0.18,1.89,2.7,2.8,0.6,2.7,2.7,0.8,0.8,0.86,0.38,0.78,0.08,0.15,0.88,0.66,0.09,0.43,0,2.86,0.3,2.01,5.45,0.27,1.49,0.58,0.75,0.03,2.5,0.08,0.02,0.04,0.92,0.55,0.21,0.01,0.54,0.37,0.69,0.3,0.12,0.03,1.06,1.44,0.12,0.13,0.05,2.03,1.5,1.89,2.44,1.19,0.15,0.44,2.26,0.19,0.49,0.83,0.21,0.22,0.21,0.85,0.13,0.41,0.11,0.6,0.82,0.51,1.01,0.57,0.85,0.07,0.05,0.26,0.35,0.19,2.38,0.26,4.43,0.18,0.1,0.18,0.2,0.15,0.22,0.29,0.57,0.87,1.46,2.07,1.65,0.9,0.02,0.3,0.19,0.12,0.73,0.89,25.63,0.7,1.4,0.54,15.03,2.86,5.65,0.9,2.18,35.17,1.68,0.5,0.31,0.8,9.33,14.78,14.12,0.11,1.4,2.91,0.47,2.66,0.21,0.3,0.79,0.13,0,0.11,0.11,17.46,8.18,41.08,34.1,14.3,28.8,15.69,32.3,3.81,0.22,0.33,7.46,0,0.28,0.27,0.27,0.27,0.26,0.22,0.06,1.24,0.03,0,2.44,0.37,1.41,0.13,0.01,9.04,24.21,0.25,22.89,0.13,0,0,1.44,4.3,1.25,0.15,0.01,1.46,2.01,2.4,0,0,0,0.12,0.09,0.01,0.01,0.02,0,0,0.01,0,0,0.87,1,0,0.49,0,0.14,0.11,0,0.01,0.01
vitamin_k_ug,Vitamin K,ug,2.9,1.8,1.3,0.8,0.5,0.1,1.2,3.6,0,0,0.8,0,5.5,1.5,1.5,1.7,1.1,1.2,1.5,1.5,1.5,1.5,1.5,1.6,1.2,0,0.3,1.5,1.5,4.2,3.4,3.1,4.9,4.3,0,0,0,0,0,0,0,0,0,1.5,0,2.1,2.5,0,0,0,0,5.5,2.8,2.8,0.5,0.1,0.1,0.1,2.6,0,0,0.1,0.1,0.1,0.1,0.1,0.1,0.1,0.1,1.4,2.1,0.1,0.3,0.3,0,0.1,0.2,1,0.3,0,0,0.1,3.1,0.5,0,1.2,0.1,0,0,0,0,0,0,0,88,0,0,0,0,0,0,0,23.8,0,0.7,4,5.6,0.4,0,0.3,0.3,0.2,0.1,0,0.3,0,0.2,1.7,3.2,7,7,0.2,0.2,0,0.1,0,2.4,2.3,2.7,1.7,2.3,1.8,830,0,0,0,0,0,3.7,2.6,2.1,1.5,101.6,15.5,76,177,389.6,45.5,108.6,0.3,251,0.3,257.5,108,29.3,22.5,62.8,1640,17.3,310,1.7,0.4,0.8,47,207,212.7,2,7.9,7.4,14,3.5,4.3,7.2,1.1,1.1,0,0.9,0.1,482.9,400,830,0,0,140.3,231,255.2,14.8,5,9.1,5.6,19,5.6,47,24.8,43,0.1,0.6,1.9,1.9,1.9,2.2,5.9,0.3,0.9,1.8,2.3,1.9,1,0.1,13.4,2.2,0.5,0,0,0,0.6,2.2,19.3,7.8,40.3,21,1.4,4.2,0.7,2.6,14.6,4.4,2.6,3.3,0,2.7,3.5,0,14.2,0,0,34.1,7.3,0,0,0,4.3,0,53.9,21,0,0.6,13.6,4.3,6.8,7.8,0.7,0.2,0.229,0,0,0.1,0.1,71.3,183.9,5.4,7.1,1.9,0,0.7,24.7,24.7,0.2,1.2,0.2,7.2,0,4.8,4.8,4.8,46,0.2,0.3,1.9,0,0,8.9,0.5,27.2,0.1,0.5,0.6,0,0,0,0,0,0,2.8,11.4,5.3,0.1,0,3,257.5,53.4,0,0,0,2.4,47,0,0,0,0,0,0,0,0,66,5.3,0,2.5,0,13,43.6,0,29.3,23.1
thiamin_mg,Thiamin (B1),mg,0.044,0.043,0.042,0.042,0.041,0.041,0.141,0.11,0.11,0.414,0.109,0.066,0.197,0.13,0.055,0.072,0.075,0.06,0.055,0.058,0.08,0.07,0.08,0.109,0.095,0.1,0.008,0.055,0.08,0.1,0.11,0.067,0.12,0.05,0.989,0.998,0.558,0.51,0.396,0.394,0.875,0.522,0.386,0.06,0.063,0.073,0.083,0.059,0.149,0.038,0.06,0.197,0.36,0.36,0.207,0.132,0.113,0.023,0.08,0.033,0.241,0.118,0.076,0.02,0.047,0.06,0.13,0.092,0.12,0.041,0.02,0.055,0.02,0.02,0.007,0.16,0.015,0.018,0.023,0.02,0.02,0.03,0.189,0.101,0.357,0.022,0.069,0.05,0.14,0.087,0,0.34,0.52,0.413,0.283,0.613,0.396,0.155,0.051,0.305,0.152,0.026,0.24,0.004,0.176,0.04,0.044,0.156,0.11,0.13,0.046,0.039,0.02,0.045,0.048,0.065,0.056,0.023,0.02,0.005,0.005,0.044,0.044,0.037,0.03,0.02,0.027,0.03,0.06,0.039,0.03,0.154,0.04,0,0,0,0,0,0.015,0.015,0.023,0.02,0.071,0.05,0.061,0.139,0.113,0.04,0.044,0.02,0.07,0.09,0.08,0.534,0.021,0.09,0.01,0.086,0.045,0.067,0.2,0.046,0.06,0.06,0.055,0.078,0.081,0.037,0.057,0.072,0.039,0.045,0.031,0.05,0.1,0.14,0.037,0.033,0.078,0.1,0.04,0.36,0.116,0.064,0.08,0.016,0.072,0.873,0.486,0.9,0.529,0.713,0.874,0.266,0.082,0.07,0.541,0.115,0.445,0.387,0.646,0.316,0.2,0.421,0.078,0.112,0.087,0.095,0.025,0.058,0.017,0.031,0.087,0.058,0.04,0.03,0.024,0.037,0.032,0.027,0.067,0.003,0.028,0.079,0.023,0.092,0.012,0.024,0.03,0.205,0.341,0.66,1.195,0.643,0.87,0.617,0.423,0.273,1.48,0.699,0.62,1.644,1.275,0.364,0,0,0,0,0.047,0.188,0.394,0.71,0.599,0.78,0.15,0.48,0.09,0.09,0,0,0,0,0,0,0,0,0,0.533,0.434,0.568,0.503,0.094,0.543,0.543,0.543,0.961,0.533,0.387,0.061,0.018,0.101,0.448,1.133,0.182,0.063,0.057,0.27,0.041,1.22,0.053,0,0,0.066,0.024,0.06,0.075,0.026,0.006,0.011,0.08,0.05,0.059,0,0,0.036,0,0.081,0.095,0.059,0.099,0.125,0.146,0.1463,0,0.05,0.06,0,0.222,0,0.021,0.01,0.078,0.098,0.16
riboflavin_mg,Riboflavin (B2),mg,0.151,0.151,0.151,0.151,0.151,0.151,0.246,0.21,0.49,0.368,0.241,0.156,0.21,0.278,0.203,0.128,0.12,0.106,0.285,0.299,0.17,0.165,0.2,0.346,0.163,0.22,0.005,0.285,0.17,0.27,0.21,0.186,0.36,0.19,0.267,0.342,0.384,0.198,0.242,0.271,0.228,0.343,0.236,0.12,0.085,0.145,0.195,0.101,1.393,0.145,0.247,0.21,0.45,0.45,0.155,0.207,0.14,0.101,0.227,0.1,0.251,0.115,0.065,0.057,0.185,0.08,0.17,0.233,0.09,0.063,0.083,0.256,0.015,0.015,0.015,0.21,0.04,0.09,0.093,0.014,0.412,0.04,2.755,1.21,2.84,0.294,0.217,0.37,0.445,0.122,0.064,3.63,0.537,1.279,3.005,1.185,1.586,0.275,0.201,1.778,0.728,0.21,0.17,0.439,0.528,0.376,0.495,0.404,0.47,0.79,0.169,0.185,0.185,0.182,0.138,0.355,0.237,0.19,0.188,0.034,0.034,0.214,0.233,0.253,0.135,0.251,0.434,0.334,0.279,0.332,0.283,0.844,0.09,0,0,0,0,0,0.234,0.234,0.23,0.168,0.117,0.06,0.04,0.09,0.347,0.07,0.086,0.02,0.1,0.04,0.11,0.417,0.057,0.05,0.032,0.098,0.057,0.162,0.11,0.027,0.02,0.03,0.08,0.115,0.032,0.019,0.028,0.086,0.037,0.094,0.025,0.11,0.02,0.01,0.018,0.021,0.189,0.22,0.09,0.318,0.2,0.077,0.075,0.028,0.066,0.211,0.106,0.193,0.219,0.212,0.87,0.132,0.104,0.049,0.095,0.262,0.05,0.108,0.285,0.251,0.06,0.29,0.061,0.032,0.048,0.025,0.034,0.15,0.026,0.073,0.04,0.036,0.02,0.02,0.022,0.041,0.038,0.025,0.13,0,0.038,0.032,0.027,0.057,0.026,0.031,0.04,1.138,0.15,0.13,0.162,0.113,0.16,0.035,0.058,0.153,0.355,0.09,0.17,0.161,0.285,0.227,0,0,0,0,0.06,0.106,0.167,0.427,0.327,0.51,0,0.13,0.06,0.06,0,0,0,0,0,0,0,0,0,0.243,0.335,0.344,0.282,0.065,0.297,0.297,0.297,0.415,0.243,0.291,0.165,0.004,0.026,0.255,0.426,0.021,0.027,0.028,0.06,0.939,0.473,0.163,0.022,0.038,1.27,0.065,0.153,0.052,0,0.046,0.166,0.11,0.04,0.152,0,0,0.082,0.01,0.402,0.49,0.13,0.274,0.349,0.242,0.3631,0,0.15,0.23,0,0.342,0,0.022,0.21,0.358,0.233,0.19
niacin_mg,Niacin (B3),mg,3.382,4.227,4.649,5.072,5.325,5.663,5.322,5.96,3.75,7.914,5.575,6.733,3.934,5.538,7.85,7.041,6.469,7.353,5.282,5.439,5.19,6.452,3.567,5.882,6.901,5.74,0.079,5.282,5.19,6.59,5.66,6.019,7.93,5.46,4.915,6.684,4.387,6.934,4.647,3.097,5.338,6.273,4.535,6.801,9.908,4.625,4.841,7.359,8.694,7.15,5.745,3.934,5.3,5.3,8.672,8.507,7.23,4.72,5.245,15.4,8.654,18.475,2.063,3.363,3.27,1.5,2.3,3.217,5.567,3.903,2.105,14.024,1.778,1.778,0.703,1.6,0.35,0.925,2.747,1.591,2.175,2.1,13.175,6.68,8.03,3.49,3.62,8.4,4.45,2,0.881,16.11,5.757,8.426,15.301,6.765,5.785,4.275,2.48,9.728,4.883,3.12,3.63,0.105,0.024,0.076,0.082,0.2,0.024,0.15,0.089,0.092,0.093,0.094,0.277,0.417,0.124,0.09,0.064,0.042,0.042,0.114,0.197,0.213,0.15,0.103,0.039,0.063,0.106,0.271,0.104,0.991,0.4,0,0,0,0,0,0.076,0.076,0.091,0.093,0.639,0.507,0.234,0.745,1.18,0.5,0.305,0.2,0.6,0.7,0.8,6.567,0.32,0.7,0.64,1.313,0.109,1.114,0.7,0.116,0.2,0.4,0.525,0.647,1.061,0.594,0.48,1.244,0.649,0.451,0.037,0.6,1.2,0.7,0.95,0.178,0.724,0.4,0.4,1.52,0.923,0.321,0.4,0.255,1.046,2.605,1.762,1.955,2.06,1.174,1.623,2.09,0.734,1.6,6.494,6.733,1.035,4.381,4.604,4.27,1.7,4.72,0.557,0.552,0.854,0.6,0.75,1.35,0.091,0.665,0.282,0.376,0.1,0.2,0.386,0.418,0.598,0.341,1.738,0.037,0.669,0.5,0.357,0.3,0.161,0.806,0.6,3.618,1.125,1.167,2.473,1.8,1.3,0.295,1.062,4.987,8.335,5.8,8.83,3.08,9.2,4.387,0,0,0,0,1.615,1.25,4.438,4.817,4.632,5.84,0.2,3.21,1.7,1.7,0,0,0,0,0,0,0,0,0,4.78,3.805,4.515,4.415,1.498,4.18,4.18,4.18,6.161,4.78,3.892,7.806,0.072,0.875,5.401,8.387,4.63,0.983,1,14.6,3.155,5.45,6.747,0.036,0.121,0.081,0.991,3.076,1.222,0.76,2.23,1.434,0.8,0.09,3.951,0,0,0.254,0,3.607,3.8,4.494,3.87,4.956,6.585,1.626,0,0.47,1.6,0,1.196,0,0.143,1.1,2.64,0.906,0
vitamin_b5_mg,Pantothenic acid (B5),mg,0.395,0.498,0.549,0.601,0.632,0.673,0,0.65,0,0.646,1.092,0.993,0.951,0.53,0.77,0.522,0.654,0.647,0.64,0.61,0.67,0.68,0.74,0,0.675,0.35,0.011,0.64,0.67,0.68,0.68,0.366,0.5,0.63,0.781,0.846,1.567,0.732,0.256,1.737,0.805,0.622,0.25,0.91,0.804,0.19,1.034,0.836,3.889,0.32,0.935,0.951,1.6,1.6,1.547,1.07,0.823,0.87,0.642,0.42,1.054,0.28,0.153,0.403,0.358,0.25,0.75,0.645,1.667,0.487,0.67,0.645,0.31,0.31,0.215,0.5,0.148,0.223,0.997,1.449,0.5,0.5,7.173,1.6,3.97,0.745,1.21,1.081,3.9,0.6,0.227,6.13,2.244,3.207,6.65,2.515,2.873,2.8,1.22,6.233,2.559,0.468,0.66,0.19,2.99,1.217,1.66,1.862,1.889,1.761,0.373,0.356,0.361,0.357,0.31,0.407,0.459,0.44,0.495,0.11,0.11,0.591,0.47,0.358,0.385,0.524,0.481,0.34,0.562,0.453,0.141,0.967,0.172,0,0,0,0,0,0.403,0.403,0.517,0.472,0.573,0.667,0.212,0.309,0.37,0.088,0.437,0.138,0.38,0.16,0.21,1.471,0.246,0.6,0.232,0.4,0.201,0.57,0.596,0.123,0.29,0.14,0.075,0.324,0.295,0.089,0.099,0.201,0.281,0.204,0.24,0.298,0.4,0.4,0.36,0.221,0.065,0.25,0.172,0.772,1.457,0.144,0.9,0.269,0.338,2.14,0.606,0.899,0.78,0.785,0.793,0.104,0.225,1.014,1.065,1.074,1.2,0.954,0.282,1.456,0.76,0.848,0.8,0.314,0.107,0.303,0.203,0.542,0.061,0.334,0.25,0.216,0.19,0.217,0.125,0.124,0.329,0.183,1.389,0.015,0.197,0.213,0.191,0.024,0.049,0.153,0.24,0.471,0.57,0.863,0.758,0.918,0.52,0.184,0.864,0.75,1.13,0.29,0,0.985,0,0.313,0,0,0,0,0.201,0.817,0.646,0.455,0.397,0.445,0.1,0.954,0.431,0.431,0,0,0,0,0,0,0,0,0,0.536,0.44,0.407,0.562,0.109,0.555,0.555,0.555,0.623,0.536,0.443,1,0.011,0.491,0.438,0.912,0.832,0.371,0.344,1.066,0.318,0.693,1.167,0.02,0.068,0.036,0.309,0.142,0.278,0.183,0.04,0.047,0.21,0.124,0.376,0,0,0.11,0.038,1.497,1.5,1.14,1.36,1.294,0.27,0,0,0.642,0.697,0,0.325,0,0.093,0,0.278,0.337,0.215
vitamin_b6_mg,Vitamin B6,mg,0.278,0.323,0.346,0.369,0.383,0.401,0.383,0.13,0,0.668,0.512,0.564,0.19,0.479,0.37,0.554,0.628,0.596,0.44,0.438,0.568,0.617,0.311,0.567,0.666,0.47,0.01,0.44,0.568,0.15,0.13,0.156,0.11,0.1,0.527,0.777,0.521,0.742,0.13,0.577,0.5,0.531,0.09,0.35,0.53,0.347,0.345,0.53,0.654,0.41,0.425,0.19,0.34,0.34,0.636,0.731,0.549,0.278,0.167,0.85,0.455,0.933,0.245,0.281,0.287,0.42,0.4,0.302,0.34,0.162,0.154,0.143,0.161,0.161,0.073,0.05,0.01,0.031,0.156,0.104,0.056,0.36,1.083,0.245,0.665,0.155,0.143,0.07,0.2,0.041,0.014,0.9,0.144,0.173,0.69,0.39,0.46,0.19,0.034,0.853,0.36,0.071,0.287,0.005,0.35,0.134,0.184,0.25,0.131,0.15,0.036,0.038,0.037,0.037,0.046,0.06,0.062,0.044,0.035,0.003,0.003,0.049,0.055,0.05,0.058,0.057,0.075,0.08,0.081,0.091,0.037,0.424,0.099,0,0,0,0,0,0.054,0.054,0.056,0.041,0.175,0.184,0.124,0.219,0.147,0.194,0.073,0.046,0.263,0.1,0.18,1.04,0.074,0.09,0.047,0.09,0.035,0.149,1.235,0.12,0.345,0.233,0.061,0.138,0.298,0.08,0.224,0.506,0.084,0.163,0.051,0.061,0.154,0.154,0.101,0.045,0.195,0.106,0.099,0.487,0.591,0.1,0.02,0.057,0.116,0.54,0.492,0.286,0.397,0.474,0.377,0.169,0.141,0.164,0.477,0.391,0.08,0.368,0.318,0.294,0.055,0.384,0.209,0.293,0.088,0.283,0.16,0.107,0.041,0.367,0.06,0.078,0.08,0.043,0.047,0.052,0.055,0.063,0.257,0.009,0.119,0.112,0.038,0.11,0.029,0.025,0.054,0.137,0.537,0.21,0.275,0.563,1.7,0.101,0.417,0.143,1.345,0.4,0,0.473,0.6,0.094,0,0,0,0,0.31,0.232,0.215,0.107,0.034,0.095,0.05,0.24,0.142,0.142,0,0,0,0,0,0,0,0,0,0.087,0.075,0.07,0.059,0.219,0.063,0.063,0.063,0.171,0.087,0.115,0.15,0.006,0.05,0.038,0.216,0.185,0.051,0.083,0.31,0.103,0.149,0.55,0.02,0.024,0.002,0.098,0.216,0.15,0.033,0.02,0.158,0.18,0.02,0.2,0,0,0.157,0.009,0.104,0.11,0.148,0.174,0.11,0.056,0.0655,0,0.002,0.002,0,0.034,0,0.13,0.213,0.215,0.199,0.13
vitamin_b7_ug,Biotin (B7),ug,0,0,0,0,0,0,0,0,0,0,0,0,0,0,0,0,0,0,0,0,0,0,0,0,0,0,0,0,0,0,0,0,0,0,0,0,0,0,0,0,0,0,0,0,0,0,0,0,0,0,0,0,0,0,0,0,0,0,0,0,0,0,0,0,0,0,0,0,0,0,0,0,0,0,0,0,0,0,0,0,0,0,0,0,0,0,0,0,0,0,0,0,0,0,0,0,0,0,0,0,0,0,0,0,0,0,0,0,0,0,0,0,0,0,0,0,0,0,0,0,0,0,0,0,0,0,0,0,0,0,0,0,0,0,0,0,0,0,0,0,0,0,0,0,0,0,0,0,0,0,0,0,0,0,0,0,0,0,0,0,0,0,0,0,0,0,0,0,0,0,0,0,0,0,0,0,0,0,0,0,0,0,0,0,0,0,0,0,0,0,0,0,0,0,0,0,0,0,0,0,0,0,0,0,0,0,0,0,0,0,0,0,0,0,0,0,0,0,0,0,0,0,0,0,0,0,0,0,0,0,0,0,0,0,0,0,0,0,0,0,0,0,0,0,0,0,0,0,0,0,0,0,0,0,0,0,0,0,0,0,0,0,0,0,0,0,0,0,0,0,0,0,0,0,0,0,0,0,0,0,0,0,0,0,0,0,0,0,0,0,0,0,0,0,0,0,0,0,0,0,0,0,0,0,0,0,0,0,0,0,0,0,16.93,0,0,0,0,0,0,0,0,0,0,0
folate_ug,Folate (B9),ug,9,7,6,6,5,4,12,18,5,2,1,7,13,3,4,8,13,13,3,3,4,3,3,7,13,8,3,3,4,20,19,0,1,17,5,0,0,0,1,0,9,0,1,6,4,3,3,4,331,4,6,13,25,25,26,6,9,2,10,9,2,2,7,12,3,1,1,10,11,24,10,9,19,19,16,42,5,7,51,10,5,16,290,5,98,7,5,4,3,0,5,230,0,0,212,4,41,6,3,588,72,5,63,4,146,36,51,80,71,66,5,5,5,5,1,7,4,2,4,3,3,11,12,20,13,8,27,21,10,7,7,32,14,0,0,0,0,0,8,8,9,6,63,57,43,61,62,66,97,28,194,21,12,55,36,67,27,152,8,62,3,19,34,64,64,105,15,15,10,23,22,24,14,16,27,17,12,3,194,15,14,184,82,36,142,60,68,479,437,444,394,525,375,65,33,8,23,95,32,38,19,38,46,85,11,23,27,22,11,20,3,20,30,16,11,8,24,6,21,25,81,0,43,18,37,4,7,4,9,44,98,22,11,113,51,22,25,58,227,115,49,87,110,34,0,0,0,0,15,126,42,123,107,102,2,60,18,18,0,0,0,0,0,0,0,0,0,111,110,106,94,5,94,94,94,119,111,17,21,1,14,116,230,28,15,18,60,53,98,237,1,2,0,9,12,13,16,4,9,12,8,18,0,0,6,1,17,25,28,14,38,21,29.58,0,180,196,0,9,0,24,52,24,19,8
vitamin_b12_ug,Vitamin B12,ug,2.07,2.14,2.17,2.21,2.23,2.26,1.94,2.31,1.13,0.64,0.56,1,0.25,1.96,1.75,1.56,0.94,1.18,2.55,2.38,2.42,1.73,3.32,2.3,1.89,3.33,0.01,2.55,2.42,2.59,2.53,1.17,2.53,2.28,0.63,0.51,0.91,0.5,0.84,1.01,0.71,0.51,0.82,0.31,0.34,0.62,0.53,0.38,13.06,0.37,2.05,0.25,0.4,0.4,3.23,4.69,4.17,3.26,8.94,1.9,9.43,2.08,0.91,1.83,3.19,1,2.4,13.67,4.3,1.58,2.88,0.62,1.11,1.11,1.41,12,11.28,8.75,3.33,1.25,1.3,20,59.3,10.8,27.5,3.13,10.1,5.68,14,2.1,1.39,90.05,8.4,50.37,26,3.79,7.79,2.19,0.3,16.58,7.29,1.04,0.1,0.09,1.95,0.76,0.97,5.4,1.69,1.58,0.45,0.53,0.47,0.5,0.07,0.71,0.52,0.14,0.16,0.17,0.17,0.56,0.52,0.49,0.29,0.47,0.88,1.54,1.6,1.2,2.28,1.69,0,0,0,0,0,0,1.5,1.5,0.22,0.21,0,0,0,0,0,0,0,0,0,0,0,0,0,0,0,0,0,0,0,0,0,0,0,0,0,0,0,0,0,0,0,0,0,0,0,0,0,0,0,0,0,0,0,0,0,0,0,0,0,0,0,0,0,0,0,0,0,0,0,0,0,0,0,0,0,0,0,0,0,0,0,0,0,0,0,0,0,0,0,0,0,0,0,0,0,0,0,0,0,0,0,0,0,0,0,0,0,0,0,0,0,0,0,0,0,0,0,0.15,0,0,0,0,0,0,0,0,0,0,0,0,0,0,0,0,0,0,0,0,0,0,0.2,0.2,0.2,0.35,0,0,0,0,0,0.25,0.29,0,0,0,0,0,0,0,0,0,0,0,0,0,0,0.2,0,0,0,0,0,0,0,0,0.04,0.1,0.05,0,0,0,0,0,0,0,0,0,300,0,0,0.08,0.08,0
calcium_mg,Calcium,mg,24,18,15,12,10,8,11,16,13,15,6,19,11,7,7.21,19,22,28,6,6,14,13,11,22,20,20,8,6,14,11,16,20,23,20,17,5,14,18,5,21,6,12,4,11,11,7,8,13,18,14,15,11,11,11,9,9,36,11,382,29,8,4,16,11,60,3,11,57,25,10,8,147,54,54,6,26,39,59,91,84,32,53,5,5,13,5,9,9,9,4,69,7,5,8,9,5,13,10,11,8,12,17,47,7,129,66,62,64,99,64,113,120,125,122,134,193,96,91,66,24,24,183,115,97,130,111,711,700,1011,1184,505,493,51,0,0,0,0,0,1045,1045,97,101,47,22,40,42,254,105,160,27,190,43,115,212,40,36,49,138,57,67,181,23,37,59,72,92,12,10,10,14,9,16,14,21,48,33,23,7,99,117,51,47,159,33,52,19,44,35,45,123,143,113,277,25,37,28,9,21,351,32,33,24,2,8,30,17,16,43,16,168,6,5,40,37,26,33,16,6,25,34,12,88,11,13,20,14,9,6,13,269,98,70,85,114,105,160,37,46,78,60,631,255,70,16,0,0,1,0,23,188,161,52,86,84,25,35,21,21,0,0,0,0,0,0,0,0,0,144,73,219,146,81,144,144,144,182,144,13,11,4,23,21,35,36,8,10,35,347,426,64,20,6,102,14,36,34,16,6,15,115,53,20,6,7,8,0,3,18,3,2,3,1,0,286,168,150,214,12,333,30,33,111,57,217
iron_mg,Iron,mg,1.64,1.94,2.09,2.24,2.33,2.44,2.78,1.55,2.83,0.86,0.82,1.09,2.4,2.04,2.15,1.69,1.61,1.62,1.74,1.75,2.2,2.04,2.53,2.66,2.12,2.32,0.19,1.74,2.2,1.98,1.5,1.57,2.05,2.14,0.84,0.98,1.2,0.65,0.52,0.9,1.01,0.77,0.42,0.9,0.74,0.68,0.71,0.88,5.92,0.42,0.9,2.4,2.4,2.4,0.34,0.43,0.56,0.85,2.92,1.25,1.02,0.77,0.38,0.17,0.46,0.66,0.44,1.1,0.31,0.56,0.23,3.25,0.21,0.21,0.38,3.95,1.62,4.61,0.5,0.26,0.68,5.3,4.9,6.38,4.6,2.61,2.3,44.55,2.22,1.15,0.59,7.37,3.29,6.6,23.3,4.68,5.29,1.6,1.01,8.99,5.96,3.19,1.69,0.08,2.73,1.31,1.89,3.85,4.1,3.65,0.03,0.02,0.03,0.03,0.05,0.1,0,0.05,0.1,0.02,0.02,0.08,0.04,0.09,0.04,0.13,0.16,0.24,0.17,0.82,0.44,0.65,1.8,0,0,0,0,0,0.63,0.63,0.11,0.07,0.73,0.42,0.47,1.4,1.6,0.8,1.46,0.4,1.1,0.44,1.64,3.93,0.2,0.59,0.73,6.2,0.26,1.77,1.7,0.21,1.2,2.1,1.48,1.6,0.81,0.27,0.34,1.03,0.23,0.37,0.22,0.8,0.7,0.7,0.31,0.24,2.71,2.57,1.8,4.57,7.61,1.2,0.83,0.57,1.28,6.51,4.86,5.02,8.2,5.07,15.7,1.47,1.03,0.8,1.29,1.96,24.72,4.56,3.6,2.63,0.52,3.01,0.61,0.54,0.27,0.55,0.6,55,0.12,0.26,0.1,0.15,0.6,0.6,0.41,0.28,0.69,0.31,0.55,6.28,0.16,0.29,0.25,0.29,0.18,0.25,0.39,3.71,2.91,2.53,3.69,4.7,3.92,2.43,6.68,8.82,5.25,6.36,7.72,5.73,7.95,5.53,0.13,0,0.05,0,2.06,2.25,2.47,3.91,2.62,3.25,2.17,2.7,1.3,1.3,0,0.05,0,0,0,0,0.03,0.07,0,3.61,2.83,3.57,3.63,1.23,3.43,3.43,3.43,4.92,3.61,3.16,1.49,0.14,1.32,4.11,4.01,3.34,0.38,0.96,1.9,3.49,8.95,4.12,0.49,0.42,0.11,0.96,2.98,1.3,1.64,0.41,0.35,1.64,0.27,2.38,0.03,0.2,0.48,0.4,0.5,0.4,0.31,0.53,1.33,0.3,0.6883,51.43,2.85,2.18,28.29,2.79,240,1.47,2.5,2.7,2.49,8.6
magnesium_mg,Magnesium,mg,14,17,18,20,21,22,21,21,0,19,21,23,15,22,11,22,23,23,21,21,20,24,21,26,25,14,3,21,20,24,21,22,19,22,23,27,22,26,4,23,25,21,3,20,25,18,18,22,22,19,21,15,19,19,27,30,31,18,39,34,50,35,32,21,67,26,33,32,25,27,19,41,22,22,22,34,19,18,36,38,33,30,18,21,17,15,12,22,18,15,13,19,20,16,18,19,18,14,11,19,15,3,30,11,5,11,13,17,13,13,10,11,11,11,14,18,16,9,7,2,2,17,11,10,12,9,27,29,36,44,20,19,81,0,0,0,0,0,26,26,9,10,21,15,12,23,33,19,47,16,31,20,32,118,11,29,17,50,7,26,25,10,21,28,20,42,23,11,10,23,14,18,12,12,34,32,12,10,79,70,81,197,248,12,15,13,60,47,166,171,140,176,280,33,25,25,116,177,128,93,133,110,37,114,25,21,21,33,43,208,5,27,10,12,8,6,13,6,22,17,29,4,10,12,21,5,7,9,10,270,158,121,130,163,121,376,292,592,325,345,335,392,700,251,0,0,0,0,110,28,75,32,26,27,3,95,53,53,0,0,0,0,0,0,0,0,0,23,40,29,22,72,23,23,23,46,23,25,131,3,28,25,58,110,8,32,170,279,95,311,4,2,21,15,42,20,37,2,13,32,52,40,1,5,5,4,9,9,0,19,18,10,11.72,0,121,107,0,19,0,13,14,81,48,115
phosphorus_mg,Phosphorus,mg,132,158,171,184,192,203,194,157,180,190,178,200,139,153,200,205,211,204,150,151,209,224,187,187,222,204,14,150,209,191,158,195,208,166,211,247,202,220,108,204,229,224,86,147,174,157,163,155,223,249,191,139,203,203,240,257,262,164,490,222,254,278,203,227,221,164,205,236,226,170,204,174,244,244,334,197,198,97,234,161,221,186,387,254,257,145,335,296,327,331,64,364,204,245,288,169,240,282,130,297,177,189,118,15,390,165,215,220,170,226,84,92,95,101,111,158,151,92,58,24,24,144,137,113,105,150,460,546,605,694,354,337,46,0,0,0,0,0,641,641,107,76,66,44,26,69,55,37,52,23,42,53,58,346,24,71,50,58,16,48,153,29,60,35,37,58,57,24,20,43,24,38,21,44,33,36,12,11,49,41,46,457,557,28,28,40,90,281,318,352,407,411,704,108,38,115,311,433,423,355,264,332,89,285,47,55,27,84,34,299,11,22,14,20,16,18,24,12,29,34,52,3,14,8,10,10,12,20,23,481,346,277,188,290,490,725,593,1233,660,667,860,642,1650,575,0,0,0,0,275,369,212,105,97,100,32,254,189,189,0,0,0,0,0,0,0,0,0,98,125,99,206,314,101,101,101,177,98,89,360,20,80,115,241,331,22,40,369,508,732,666,3,4,2,27,83,32,100,60,26,58,49,130,4,8,11,14,86,120,108,111,120,74,93.95,0,42,80,0,11,0,20,24,266,159,174
potassium_mg,Potassium,mg,218,270,295,321,336,357,328,222,385,310,522,237,209,262,273,329,357,340,264,272,359,367,313,284,352,387,13,264,359,313,230,304,159,257,389,399,339,362,185,338,369,329,148,189,220,204,211,194,198,371,226,209,271,271,363,367,423,175,397,407,252,441,413,286,356,268,446,327,377,302,302,383,113,113,205,320,46,156,259,200,246,350,313,219,262,184,244,429,276,318,67,313,277,231,273,294,143,258,140,230,176,179,281,163,109,132,152,222,142,132,132,140,150,156,204,137,206,136,95,24,24,234,141,132,164,125,76,121,81,92,76,62,379,0,0,0,0,0,132,132,132,125,316,299,170,389,348,252,369,227,296,305,384,2540,260,375,414,554,117,521,401,146,334,180,276,296,425,237,175,322,229,261,136,340,352,347,108,112,558,762,379,563,508,187,314,302,370,677,846,1483,1406,1393,1797,244,211,115,250,427,366,432,452,510,270,195,337,816,271,591,415,2080,107,358,181,166,138,102,153,77,151,312,485,8,168,109,182,191,116,190,259,733,441,410,368,680,1025,659,660,809,645,370,407,813,1200,597,0,0,0,0,393,718,254,117,120,125,10,252,223,223,0,0,0,0,0,0,0,0,0,126,166,107,125,186,122,122,122,231,126,112,290,4,164,181,244,345,58,68,669,748,414,576,77,52,212,297,1014,293,263,170,281,384,66,212,2,73,144,23,318,448,364,326,420,204,443.3,0,89,50,0,127,0,170,151,412,210,729
zinc_mg,Zinc,mg,3.57,4.18,4.48,4.79,4.97,5.21,4.59,3.41,4,1.93,1.47,2.35,1.36,5.63,4.3,4.76,4,4.12,6.25,6.26,5.51,5.15,8.25,6.1,4.29,6.94,0.07,6.25,5.51,4.4,3.94,2.69,2.65,7.69,1.84,1.89,3.36,1.86,1.02,3,2.27,2.25,0.84,1.31,0.8,1.29,1.86,1.63,3.23,0.94,2.68,1.36,1.9,1.9,0.36,0.46,0.41,0.31,1.31,0.82,0.6,0.37,0.45,0.32,0.47,0.4,0.49,0.99,0.45,0.33,0.48,1.72,0.97,0.97,0.91,1.6,0.51,39.3,3.81,3.53,1.53,1.68,4,2.87,1.92,4.09,1.09,2.11,2.58,1,1.42,4.66,1.65,1.81,5.76,2.8,4.15,1.27,1.85,2.67,6.59,4.42,0.52,0.03,2.3,1.04,1.39,1.41,1.58,1.47,0.37,0.48,0.42,0.42,0.3,0.54,0.81,0.32,0.24,0.09,0.09,0.89,0.6,0.45,0.46,0.51,3.74,3.9,3.9,2.75,2.92,2.88,0.36,0,0,0.11,0,0,2.49,2.49,0.5,0.33,0.41,0.27,0.18,0.42,0.39,0.19,0.47,0.15,0.19,0.24,0.25,1.57,0.13,0.59,0.2,1.07,0.1,0.5,1.16,0.17,0.4,0.12,0.39,0.56,0.3,0.17,0.13,0.26,0.16,0.32,0.17,0.32,0.15,0.13,0.19,0.1,0.53,0.38,0.36,3.1,2.87,0.2,0.79,0.62,0.49,3.27,2.81,3.65,2.79,2.28,4.89,1.24,0.24,1.09,2.13,5.96,2.51,3.33,2.77,2.65,0.45,1.68,0.3,0.24,0.34,0.23,0.34,4.5,0.04,0.15,0.07,0.07,0.06,0.11,0.14,0.16,0.42,0.14,0.64,0.22,0.09,0.12,0.08,0.04,0.1,0.17,0.2,3.12,3.09,4.53,1.3,2.45,2.2,4.06,5.78,7.81,5,6.73,4.58,4.34,9.9,6.45,0.02,0,0.02,0,2.32,1.44,1.77,1.04,0.84,0.81,0.41,1.71,1.41,1.41,0,0.01,0,0,0,0,0.01,0,0,0.74,1.14,0.83,0.53,1.31,0.73,0.73,0.73,1.43,0.74,0.68,3,0.25,0.45,0.6,1.92,2.63,0.26,0.57,2.8,3.29,4.62,4.89,0.06,0.22,1.47,0.22,0.63,0.27,0.67,0.2,0.17,0.25,0.4,0.43,0.01,0.04,0.11,0.02,0.52,1.1,0.53,0.96,0.77,0.75,0.7448,0,1.23,0.38,0,0.2,0,0.19,0.22,1.14,2.56,3.03
selenium_ug,Selenium,ug,13.5,15,15.8,16.6,17.1,17.7,20,18.8,8.8,34.8,10.2,21.9,12.4,27.5,20.8,28.6,30.8,25.4,24,23,26,22.9,22.3,28.6,28.6,17.7,0.8,24,26,27.2,19.2,4,2,30.6,36.1,30.8,28.2,36,8,34.8,35.4,21.3,1.5,14.4,16.6,18.9,20.2,17.8,49.3,13,22.4,12.4,13.9,13.9,24,29.8,36.5,32.4,52.7,36.5,36.5,90.6,33.1,25.9,36.5,36.5,36.5,36.5,23.6,41.8,8.2,36.5,29.6,29.6,12.8,44.8,30.6,19.7,42.9,63.6,44.8,44.8,39.7,38.9,141,13.2,21.8,62.2,24.7,9,12.5,82.4,10.9,93.6,52.7,10.4,311.5,15.9,31.1,54.6,4.3,41.1,17.3,20,56,23.5,33.1,36.4,34.3,32,3.7,2.5,3.3,3.1,1.4,1.7,2.9,4.6,3,1,1,3.3,12.4,9.4,3.6,11.9,28.3,14.5,14.5,22.5,17,15,0.9,0.2,0.2,0.2,0.2,0.2,20.2,20.2,8.6,3.7,2.5,0.6,0.3,1.6,0.9,0.5,0.3,0.7,1.2,0.7,0.9,8.6,0.4,1.8,0.7,0.1,0,0.9,14.2,0.5,1.2,1,0.6,0.9,0.4,0,0,0.5,0.3,0.2,0.1,0.3,0.5,0.5,0.3,0.4,1,0.9,0.9,8.5,18.7,1.5,0.2,0.9,0.2,0.1,8.3,3.2,3.2,27.9,17.8,1.8,0.6,15.1,17.1,2.8,23.2,0,37.7,13.9,0.6,2.7,0.6,0.7,0.7,0.7,0.7,6.2,0,1,0.5,0.1,0.4,0.4,0.4,0.1,0.2,0.2,0.4,0.9,0.6,0.1,0.6,0.1,0.1,0.1,0.1,4.1,4.9,3.8,3.6,2.4,7,1917,19.9,9.4,53,34.4,55.2,25.4,0,0.7,0,0,0,0,5.9,9.5,25.7,28.6,27.1,27.9,7.9,0,63.2,63.2,0,0,0,0,0,0,0,0,0,22,30.9,21.5,22.3,6.1,27.2,27.2,27.2,24.7,22,36.9,24.6,4.5,8.3,23.1,78.8,10.1,27.5,0.6,7.5,2.4,34.4,104.4,2,0.8,0.6,0.6,5.3,0.6,6.2,2.3,0.7,0.9,1.6,0.8,0.5,0.1,0,0,9.3,26,18.6,6.3,2.6,2.2,1.773,0,0.7,0.7,0,0.7,0,0.6,0.5,0,7,8.8
omega3_g,Omega-3,g,0.065,0.051,0.045000000000000005,0.036,0.031,0.025,0,0,0,0.037,0.088,0.11699999999999999,0,0.008,0,0.004,0.003,0.003,0.015,0.015,0.005,0,0.019,0.001,0.003,0,0,0.015,0.005,0,0,0.21500000000000002,0,0,0,0.008,0.019,0.014,0,0.025,0,0.014,0,0.04,0.03,0.155,0.08700000000000001,0.060000000000000005,0.07200000000000001,0.057,0.049999999999999996,0,0,0,2.1140000000000003,0.769,1.085,0.45,0.982,0.256,1.173,0.102,0.184,0.133,0.421,0.919,1.341,1.571,0.792,0.124,0.128,0,0.14400000000000002,0.14400000000000002,0.10600000000000001,0.441,0.122,0.313,0.168,0.16999999999999998,0.488,0.157,0.007,0.012,0,0,0.855,0,0,0.144,0.007,0,0.176,0.179,0,0,0,0.45,0.021,0.006,0,0.004,0.003,0,0.125,0.043,0.063,0,0,0,0,0.008,0.004,0,0,0,0,0.067,0.131,0.315,0,0,0.007,0.003,0.006,0.008,0.128,0,0,0,0,0,0,0,2.3,0,1,0,0.15500000000000003,0.15500000000000003,0.135,0.07500000000000001,0,0.015,0,0,0,0,0,0,0,0,0,0,0,0,0,0,0,0,0,0,0,0,0,0,0,0,0,0,0,0.061,0,0,0,0,0,0,0,0,0,0.047,0.042,0,0,0,0,0,0,0,0,0,0,0,0,0,0.032,0,0.07,0,0,0,0,0,0,0,0,0,0,0.003,0,0,0,0,0,0,0,0,0,0,0.111,0,0,0,0,0,0,0,0,0.003,0,0,0,0,0,0.018,0,0.12,0.014,0,0,0,8.684,0.112,0,0,0.019,0,0,0,0.137,0.063,0,0,0,0,0.024,0.024,9.137,6.789,0,0.096,1.161,0,0,0,0,0.167,0,0.024,0.214,0,0.176,0.176,0.176,0,0.167,0,0,0,0,0.056,0.058,0.831,0,0,0,0,0,0.05,0,0,0,0,0,0,0,0,0,0,0,0,0,0,0,0,0,0,0,0,0,0,0,0,0.004,0.186,0,0,0,0,0,0,0,0
